<?xml version="1.0" encoding="UTF-8"?>
<addon id="plugin.video.tvn24pl" version="1.6" name="TVN24.PL" provider-name="mbebe">
<requires>
  <import addon="xbmc.addon" version="17.9.910"/>
  <import addon="script.module.requests" />
  <import addon="script.module.inputstreamhelper" />
  <import addon="script.module.pytz" version="2014.2"/>

</requires>
<extension point="xbmc.python.pluginsource" library="main.py">
  <provides>video</provides>
</extension>
<extension point="xbmc.addon.metadata">
  <summary lang="en">https://tvn24.pl/</summary>
  <description lang="en">https://tvn24.pl/</description>
  <disclaimer lang="en">A private use only. For bugs, requests or ge</disclaimer>
  <language></language>
  <platform>all</platform>
  <license>GNU GENERAL PUBLIC LICENSE. Version 2, June 1991</license>
  <forum></forum>
  <website></website>
  <assets>
    <icon>icon.png</icon>
    <fanart>fanart.jpg</fanart>
    <screenshot></screenshot>
    <screenshot></screenshot>
  </assets>
  <news>
 ...
  </news>
</extension>
</addon>
