<?xml version="1.0" encoding="UTF-8"?>
<addon id="plugin.video.vod_pl" version="1.0" name="VOD_PL" provider-name="mbebe, m1992, rysson">
<requires>
	<import addon="xbmc.python" version="3.0.0" /> -->
    <import addon="script.module.six" />
    <import addon="script.module.requests" />
    <import addon="script.module.urllib3" />
    <import addon="script.module.inputstreamhelper" version="0.3.3"/>
</requires>
<extension point="xbmc.python.pluginsource" library="main.py">
    <provides>video</provides>
</extension>
<extension point="xbmc.addon.metadata">
    <summary lang="en">http://vod.pl</summary>
    <description lang="en">http://vod.pl</description>
    <disclaimer lang="en">A private use only. </disclaimer>
    <language></language>
    <platform>all</platform>
    <license>GNU GENERAL PUBLIC LICENSE. Version 2, June 1991</license>
    <forum></forum>
    <website></website>
    <assets>
        <icon>icon.png</icon>
        <fanart>fanart.jpg</fanart>
    </assets>
    <news></news>
</extension>
</addon>
