<?xml version="1.0" encoding="UTF-8"?>
<addon id="plugin.video.zalukajcom" version="1.7.2" name="Zalukaj" provider-name="Podpis">
<requires>
    <import addon="xbmc.python" version="2.25.0"/>
    <import addon="script.module.resolveurl"/>
</requires>
<extension point="xbmc.python.pluginsource" library="main.py">
  <provides>video</provides>
</extension>
<extension point="xbmc.addon.metadata">
  <summary lang="en">zalukaj.com</summary>
  <description lang="en">zalukaj.com</description>
  <disclaimer lang="en">A private use only. For bugs, requests or general questions visit my repository https://github.com/podpis/kodi</disclaimer>
  <language></language>
  <platform>all</platform>
  <license>GNU GENERAL PUBLIC LICENSE. Version 2, June 1991</license>
  <forum>https://github.com/podpis/kodi/issues</forum>
  <website>https://github.com/podpis/kodi</website>
  <email></email>
  <assets>
    <icon>icon.png</icon>
    <fanart>fanart.jpg</fanart>
  </assets>
  <news>
1.7.2
- Fixed problem with login process

1.7.1
- Thumbnail fixed
- minor fixes

1.7
- seriale fix
- premium fix
- lastes series fix

1.6
- decoding the plugin code
- reconstruction of variable names and names functions
- remove of malicious codes from the plugin
- remove of script.module.ramic from the plugin
- code fixes
- remove of unnecessary modules and functions from the plugin
- change urlresolver to resolveurl

1.4/5
- link parser fixed

1.3
- resolver, link parser fixed
- info,repo

1.2
- link parser fixed

1.1
- added: login, quota msg
- minor fixes

1.0
- initial version
  </news>
</extension>
</addon>
