<?xml version="1.0" encoding="UTF-8" standalone="yes" ?>
<addon id="plugin.video.gonettv" name="goNET.TV - LEPSI.TV" version="1.4" provider-name="mbebe">
	<requires>

		<import addon="script.module.requests" />

	</requires>
	<extension point="xbmc.python.pluginsource" library="main.py">
		<provides>video</provides>
	</extension>
	<extension point="xbmc.addon.metadata">
		<description>GonetTV</description>
		<disclaimer></disclaimer>
		<summary>GonetTV</summary>
		<language>pl</language>
		<platform>all</platform>
		<license>GNU GENERAL PUBLIC LICENSE. Version 2, June 1991</license>
		<website></website>
		<assets>
			<icon>icon.png</icon>
			<fanart>fanart.jpg</fanart>
		</assets>
	</extension>
</addon>
