<?xml version="1.0" encoding="UTF-8" standalone="yes" ?>
<addon id="plugin.video.tugaflixmb" name="Tugaflix.best" version="0.3" provider-name="mbebe">
    <requires>
        <import addon="xbmc.python" version="3.0.0" />
        <import addon="script.module.inputstreamhelper" version="0.3.3"/>
        <import addon="script.module.requests" />
        <import addon="script.module.six"/>
        <import addon="script.module.resolveurl" version="5.0.00"/>
    </requires>
    <extension point="xbmc.python.pluginsource" library="main.py">
        <provides>video</provides>
    </extension>
    <extension point="xbmc.service" library="serverHTTP.py" />
    <extension point="xbmc.addon.metadata">
        <description lang="en">Tugaflix.besty</description>
        <disclaimer lang="en">https://github.com/mbebe/blomqvist</disclaimer>    
        <summary lang="en">Tugaflix.best</summary>
        <language>en</language>
        <platform>all</platform>
        <license>GNU GENERAL PUBLIC LICENSE. Version 2, June 1991</license>
        <website>https://github.com/mbebe/blomqvist</website>
        <assets>
            <icon>icon.png</icon>
            <fanart>fanart.jpg</fanart>
        </assets>
    </extension>
</addon>
