<?xml version="1.0" encoding="UTF-8"?>
<addon id="plugin.video.ninateka" version="1.7.1" name="Ninateka" provider-name="mbebe, heppen-dev, zuzia-dev">
    <requires>
        <import addon="script.module.inputstreamhelper" version="0.3.3"/>
        <import addon="script.module.requests"/>
    </requires>
    <extension point="xbmc.python.pluginsource" library="main.py">
        <provides>video</provides>
    </extension>
    <extension point="xbmc.addon.metadata">
        <summary lang="en">Ninateka video add-on for Kodi</summary>
        <description lang="en">This plugin allows you to play content from the ninateka.pl website</description>
        <disclaimer lang="en">A private use only.</disclaimer>
        <language>pl</language>
        <platform>all</platform>
        <license>GNU GENERAL PUBLIC LICENSE. Version 2, June 1991</license>
        <forum/>
        <website>https://github.com/zuzia-dev/plugin.video.ninateka</website>
        <email/>
        <assets>
            <icon>icon.png</icon>
            <fanart>fanart.jpg</fanart>
        </assets>
        <news>1.7.1[CR]Added notification dialog for empty subcategory[CR]1.7[CR]Fixed API Changes[CR]Changed icon and fanart</news>
    </extension>
</addon>