<?xml version="1.0" encoding="UTF-8" standalone="yes" ?>
<addon id="plugin.video.nhl66streams" name="NHL66 streams" version="0.3" provider-name="mbebe">
    <requires>
        <import addon="script.module.requests" />
        <import addon="script.module.six"/>
        <import addon="script.module.iso8601" version="0.1.11" />
        <import addon="script.module.inputstreamhelper" />
    </requires>
	<extension point="xbmc.service" library="service_entry.py"/>
    <extension point="xbmc.python.pluginsource" library="main.py">
        <provides>video</provides>
    </extension>
    <extension point="xbmc.addon.metadata">
        <description lang="en">https://nhl66.ir/simulator</description>
        <disclaimer lang="en"></disclaimer>    
        <summary lang="en">https://nhl66.ir/simulator</summary>
        <language>en</language>
        <platform>all</platform>
        <license>GNU GENERAL PUBLIC LICENSE. Version 2, June 1991</license>
        <website></website>
        <assets>
            <icon>icon.png</icon>
            <fanart>fanart.jpg</fanart>
        </assets>
    </extension>
</addon>
