<?xml version="1.0" encoding="UTF-8" standalone="yes" ?>
<addon id="plugin.video.mbfilm" name="MB filmy" version="1.3.17" provider-name="mbebe">
	<requires>
		<import addon="xbmc.python" version="2.25.0"/>
		<import addon="script.module.requests" />
		<import addon="script.module.resolveurl" version="5.0.12b"/>
	</requires>
	<extension point="xbmc.python.pluginsource" library="main.py">
		<provides>video</provides>
	</extension>
	<extension point="xbmc.addon.metadata">
		<description>MB filmy</description>
		<disclaimer>https://github.com/mbebe/blomqvist</disclaimer>
		<summary>MB filmy</summary>
		<language>pl</language>
		<platform>all</platform>
		<license>GNU GENERAL PUBLIC LICENSE. Version 2, June 1991</license>
		<website>https://github.com/mbebe/blomqvist</website>
		<assets>
			<icon>icon.png</icon>
			<fanart>fanart.jpg</fanart>
		</assets>
	</extension>
</addon>
