<?xml version="1.0" encoding="UTF-8"?>
<addon id="plugin.video.filmbooster" version="3.1" name="FilmwebBooster" provider-name="mbebe">
<requires>
	<import addon="xbmc.python" version="2.25.0"/>
	<import addon="script.module.resolveurl" version="5.0.00"/>
	<import addon="script.common.plugin.cache" version="2.5.5"/> 
	<import addon="script.module.parsedom" version="2.5.2"/>
	<import addon="script.module.requests" />
</requires>
<extension point="xbmc.python.pluginsource" library="main.py">
  <provides>video</provides>
</extension>
<extension point="xbmc.addon.metadata">
  <summary lang="pl">FilmwebBooster</summary>
  <description lang="pl">Baza filmów i seriali serwisu http://filmweb.pl wsparta silnikiem http://fboost.pl</description>
  <disclaimer lang="en">A private use only. </disclaimer>
  <language></language>
  <platform>all</platform>
  <license>GNU GENERAL PUBLIC LICENSE. Version 2, June 1991</license>
  <forum>https://github.com/mbebe/blomqvist/issues</forum>
  <website>https://github.com/mbebe/blomqvist</website>
  <email></email>
  <source></source>
  <assets>
    <icon>icon.png</icon>
    <fanart>fanart.jpg</fanart>
  </assets>
  <news>

  </news>
</extension>
</addon>
