<?xml version="1.0" encoding="UTF-8" standalone="yes" ?>
<addon id="plugin.video.darmowatv" name="darmowaTV" version="1.8.12" provider-name="mbebe">
	<requires>
		<import addon="script.module.requests" />
		<import addon="script.module.six"/>
		<import addon="script.module.inputstreamhelper" version="0.3.3"/>
	</requires>
	<extension point="xbmc.python.pluginsource" library="maintv.py">
		<provides>video</provides>
	</extension>
	<extension point="xbmc.service" library="serverHTTP.py" />
	<extension point="xbmc.addon.metadata">
		<description lang="pl">darmowaTV</description>
		<disclaimer lang="pl"></disclaimer>
		<summary lang="pl">darmowaTV</summary>
		<language>pl</language>
		<platform>all</platform>
		<license>GNU GENERAL PUBLIC LICENSE. Version 2, June 1991</license>
		<website></website>
		<assets>
			<icon>icon.png</icon>
			<fanart>fanart.jpg</fanart>
		</assets>
	</extension>
</addon>
