﻿<?xml version="1.0" encoding="UTF-8"?>
<addon id="plugin.video.filisertv" version="2.9.1" name="Fili.cc" provider-name="mbebe">
<requires>
  <import addon="xbmc.python" version="2.1.0"/>
  <import addon="script.module.resolveurl" version="5.0.12b"/>
  <import addon="script.module.requests" />
  <import addon="script.module.parsedom" version="2.5.2"/>
</requires>
<extension point="xbmc.python.pluginsource" library="main.py">
  <provides>video</provides>
</extension>
<extension point="xbmc.addon.metadata">
  <summary lang="en">Filiser</summary>
  <description lang="en">Filiser</description>
  <disclaimer lang="en">A private use only.</disclaimer>
  <language></language>
  <platform>all</platform>
  <license>GNU GENERAL PUBLIC LICENSE. Version 2, June 1991</license>
  <forum></forum>
  <website></website>
  <email></email>
  <assets>
    <icon>icon.png</icon>
    <fanart>fanart.jpg</fanart>
  </assets>
  <news>
Dostęp do serwisu bez polskiego IP
  </news>
</extension>
</addon>
