<?xml version="1.0" encoding="UTF-8" standalone="yes" ?>
<addon id="plugin.video.vectrapl" name="VECTRA PL" version="0.4" provider-name="mbebe">
    <requires>
        <import addon="script.module.requests" />
        <import addon="script.module.iso8601" version="0.1.11" />
        <import addon="script.module.inputstreamhelper" version="0.3.3"/>
    </requires>
    <extension point="xbmc.python.pluginsource" library="main.py">
        <provides>video</provides>
    </extension>
    <extension point="xbmc.addon.metadata">
        <description>VECTRA</description>
        <disclaimer></disclaimer>
        <summary>VECTRA</summary>
        <language>pl</language>
        <platform>all</platform>
        <license>GNU GENERAL PUBLIC LICENSE. Version 2, June 1991</license>
        <website></website>
        <assets>
            <icon>icon.png</icon>
            <fanart>fanart.jpg</fanart>
        </assets>
    </extension>
</addon>
