<?xml version="1.0" encoding="UTF-8" standalone="yes" ?>
<addon id="plugin.video.tvpABON" name="TVP strefa abo" version="1.16" provider-name="mbebe">
	<requires>
		<!-- <import addon="xbmc.python" version="3.0.0" /> -->
		<import addon="script.module.six"/>
		<import addon="script.module.requests" />
		<import addon="script.module.inputstreamhelper" version="0.3.3"/>
		<import addon="script.common.plugin.cache" version="2.5.5"/>
	</requires>
	<extension point="xbmc.python.pluginsource" library="main.py">
		<provides>video</provides>
	</extension>
	<extension point="xbmc.addon.metadata">
		<description lang="pl">TVP strefa abo</description>
		<disclaimer lang="pl"></disclaimer>
		<summary lang="pl">TVP strefa abo</summary>
		<language>pl</language>
		<platform>all</platform>
		<license>GNU GENERAL PUBLIC LICENSE. Version 2, June 1991</license>
		<website></website>
		<assets>
			<icon>icon.png</icon>
			<fanart>fanart.jpg</fanart>
		</assets>
	</extension>
</addon>
