<?xml version="1.0" encoding="UTF-8" standalone="yes" ?>
<addon id="plugin.video.pastebinVID" name="PASTEBIN PlayVid" version="1.8.1" provider-name="mbebe">
    <requires>
        <import addon="xbmc.python" version="2.25.0"/>
        <import addon="script.module.requests" />
        <import addon="script.module.parsedom" version="2.5.2"/>
        <import addon="script.module.resolveurl"/>
    </requires>
    <extension point="xbmc.python.pluginsource" library="main.py">
        <provides>video</provides>
    </extension>
    <extension point="xbmc.addon.metadata">
        <description lang="pl">PASTEBIN PlayVid</description>
        <disclaimer lang="pl">https://github.com/mbebe/blomqvist</disclaimer>
        <summary lang="pl">PASTEBIN PlayVid</summary>
        <description lang="en">PASTEBIN PlayVid</description>
        <disclaimer lang="en">https://github.com/mbebe/blomqvist</disclaimer>
        <summary lang="en">PASTEBIN PlayVid</summary>		
        <language></language>
        <platform>all</platform>
        <license>GNU GENERAL PUBLIC LICENSE. Version 2, June 1991</license>
        <website></website>
        <assets>
            <icon>icon.png</icon>
            <fanart>fanart.jpg</fanart>
        </assets>
    </extension>
</addon>
