<?xml version="1.0" encoding="UTF-8" standalone="yes" ?>
<addon id="plugin.video.bajeczkiorg" name="Bajeczki.org" version="1.9" provider-name="mbebe">
    <requires>

        <import addon="script.module.requests" />
        <import addon="script.module.resolveurl"/>

    </requires>
    <extension point="xbmc.python.pluginsource" library="main.py">
        <provides>video</provides>
    </extension>
    <extension point="xbmc.addon.metadata">
        <description lang="pl">bajeczki.org</description>
        <disclaimer lang="pl"></disclaimer>
        <summary lang="pl">bajeczki.org</summary>
        <description lang="en">bajeczki.org</description>
        <disclaimer lang="en"></disclaimer>
        <summary lang="en">bajeczki.org</summary>
        <language></language>
        <platform>all</platform>
        <license>GNU GENERAL PUBLIC LICENSE. Version 2, June 1991</license>
        <website></website>
        <assets>
            <icon>icon.png</icon>
            <fanart>fanart.jpg</fanart>
        </assets>
    </extension>
</addon>
