<?xml version="1.0" encoding="UTF-8" standalone="yes" ?>
<addon id="plugin.video.videopenny" name="VideoPenny.net" version="1.9" provider-name="mbebe">
    <requires>
        <import addon="xbmc.python" version="2.25.0"/>
        <import addon="script.module.requests" />
        <import addon="script.module.parsedom" version="2.5.2"/>
        <import addon="script.module.resolveurl"/>
    </requires>
    <extension point="xbmc.python.pluginsource" library="main.py">
        <provides>video</provides>
    </extension>
    <extension point="xbmc.addon.metadata">
        <description lang="pl">videopenny.net</description>
        <disclaimer lang="pl"></disclaimer>
        <summary lang="pl">videopenny.net</summary>
        <language>pl</language>
        <platform>all</platform>
        <license>GNU GENERAL PUBLIC LICENSE. Version 2, June 1991</license>
        <website></website>
        <assets>
            <icon>icon.png</icon>
            <fanart>fanart.jpg</fanart>
        </assets>
    </extension>
</addon>
