<?xml version="1.0" encoding="UTF-8" standalone="yes" ?>
<addon id="plugin.video.polsatgo" name="Polsat GO" version="1.91" provider-name="mbebe, mariusz89b">
	<requires>
		<import addon="script.module.requests" />
		<import addon="script.module.inputstreamhelper" version="0.3.3"/>
	</requires>
	<extension point="xbmc.python.pluginsource" library="main.py">
		<provides>video</provides>
	</extension>
	<extension point="xbmc.addon.metadata">
		<description lang="pl">Polsat GO</description>
		<disclaimer lang="pl">...</disclaimer>
		<summary lang="pl">Polsat GO</summary>
		<language>pl</language>
		<platform>all</platform>
		<license>GNU GENERAL PUBLIC LICENSE. Version 2, June 1991</license>
		<website>...</website>
		<assets>
			<icon>icon.png</icon>
			<fanart></fanart>
		</assets>
	</extension>
</addon>
