<?xml version="1.0" encoding="UTF-8"?>
<addon id="plugin.video.zalukajcom" version="1.8.1" name="Zalukaj" provider-name="xxxxxx">
<requires>
    <import addon="xbmc.python" version="2.25.0"/>
    <import addon="script.module.parsedom" version="2.5.2"/>
    <import addon="script.module.requests"/>
</requires>
<extension point="xbmc.python.pluginsource" library="main.py">
  <provides>video</provides>
</extension>
<extension point="xbmc.addon.metadata">
  <summary lang="en">zalukaj.com</summary>
  <description lang="en">zalukaj.com</description>
  <disclaimer lang="en">A private use only. </disclaimer>
  <language></language>
  <platform>all</platform>
  <license>GNU GENERAL PUBLIC LICENSE. Version 2, June 1991</license>
  <forum></forum>
  <website></website>
  <email></email>
  <assets>
    <icon>icon.png</icon>
    <fanart>fanart.jpg</fanart>
  </assets>
  <news>fix seriale i konta premium</news>
</extension>
</addon>
