<?xml version="1.0" encoding="UTF-8"?>
    <addon id="repository.mbebe" name="mbebe" version="0.2.5" provider-name="mbebe">
        <extension point="xbmc.addon.repository" name="mbebe">
		    <dir>
                <info compressed="false">https://raw.githubusercontent.com/mbebe/blomqvist/master/zips/addons.xml</info>
                <checksum>https://raw.githubusercontent.com/mbebe/blomqvist/master/zips/addons.xml.md5</checksum>
                <datadir zip="true">https://github.com/mbebe/blomqvist/raw/master/zips</datadir>
            </dir>
        </extension>
        <extension point="xbmc.addon.metadata">
            <summary>...</summary>
            <description>...</description>
            <platform>all</platform>
    </extension>
</addon>
