﻿<?xml version="1.0" encoding="UTF-8"?>
<addon id="plugin.video.ekstraklasa" name="Ekstraklasa" version="4.0.9" provider-name="mbebe">
	<requires>
		<import addon="xbmc.python" version="2.1.0"/>
		<import addon="script.module.resolveurl"/> 
		<import addon="script.module.parsedom" version="2.5.2"/>
		<import addon="script.module.requests" />
	</requires>
	<extension point="xbmc.python.pluginsource" library="main.py">
		<provides>video</provides>
	</extension>
	<extension point="xbmc.addon.metadata">
		<summary lang="pl">Mecze Ekstraklasy z Dailymotion i nie tylko</summary>
		<disclaimer lang="pl">https://github.com/mbebe/blomqvist</disclaimer>		
		<description lang="pl">Mecze Ekstraklasy z Dailymotion i nie tylko</description>
		<language></language>
		<platform></platform>
		<license>GNU GENERAL PUBLIC LICENSE. Version 2, June 1991</license>
		<forum>https://github.com/mbebe/blomqvist/issues</forum>
		<website>https://github.com/mbebe/blomqvist</website>
		<email></email>
		<assets>
			<icon>icon.png</icon>
			<fanart>fanart.jpg</fanart>
		</assets>
		<news>
Ekstraklasa LIVE
Ekstraklasa.tv
Polsat Sport
Łączy nas piłka
Mecz Replay
Skróty meczów :
 - Estadios.pl
 - Meczyki.pl
 - OurMatch
 - Javafooty
Tabele, terminarze, listy strzelców
		</news>
	</extension>
</addon>