<?xml version="1.0" encoding="UTF-8" standalone="yes" ?>
<addon id="plugin.video.govodtv" name="govod.tv" version="1.2" provider-name="mbebe">
	<requires>
		<import addon="xbmc.python" version="2.25.0"/>
		<import addon="script.module.requests" />
	</requires>
	<extension point="xbmc.python.pluginsource" library="main.py">
		<provides>video</provides>
	</extension>
	<extension point="xbmc.addon.metadata">
		<description lang="pl">govod.tv</description>
		<disclaimer lang="pl">https://github.com/mbebe/blomqvist</disclaimer>
		<summary lang="pl">govod.tv</summary>
		<language>pl</language>
		<platform>all</platform>
		<license>GNU GENERAL PUBLIC LICENSE. Version 2, June 1991</license>
		<website>https://github.com/mbebe/blomqvist</website>
		<assets>
			<icon>icon.png</icon>
			<fanart>fanart.jpg</fanart>
		</assets>
	</extension>
</addon>
