<?xml version="1.0" encoding="UTF-8"?>
<addon id="plugin.video.HDseans" version="1.9" name="HDseans" provider-name="mbebe">
<requires>
	<import addon="script.module.six"/>
	<import addon="script.module.resolveurl" version="5.0.12b"/>
	<import addon="script.module.requests" /> 
	<import addon="script.common.plugin.cache" version="2.5.5"/> 

</requires>
<extension point="xbmc.python.pluginsource" library="main.py">
  <provides>video</provides>
</extension>
<extension point="xbmc.addon.metadata">
  <summary lang="en">HDseans</summary>
  <description lang="en">Zasoby HDseans.pl</description>
  <disclaimer lang="en">private use</disclaimer>
  <language></language>
  <platform>all</platform>
  <license></license>
  <forum></forum>
  <website></website>
  <email></email>
  <source></source>
  <assets>
    <icon>icon.png</icon>
    <fanart>fanart.jpg</fanart>
  </assets>
  <news>
</news>
</extension>
</addon>
