<?xml version="1.0" encoding="UTF-8"?>
<addon id="plugin.video.playermb" version="1.11" name="PlayerPLmb" provider-name="mbebe, kszaq, rysson">
<requires>
    <!-- <import addon="xbmc.python" version="3.0.0" /> -->
    <import addon="script.module.six" />
    <import addon="script.module.requests" />
    <import addon="script.module.urllib3" />
    <import addon="script.module.inputstreamhelper" version="0.3.3"/>
</requires>
<extension point="xbmc.python.pluginsource" library="main.py">
    <provides>video</provides>
</extension>
<extension point="xbmc.addon.metadata">
    <summary lang="en">http://www.player.pl</summary>
    <description lang="en">http://www.player.pl</description>
    <disclaimer lang="en">A private use only. For bugs, requests or ge</disclaimer>
    <language></language>
    <platform>all</platform>
    <license>GNU GENERAL PUBLIC LICENSE. Version 2, June 1991</license>
    <forum></forum>
    <website></website>
    <assets>
        <icon>icon.png</icon>
        <fanart>fanart.jpg</fanart>
        <screenshot>resources/screenshot-01.jpg</screenshot>
        <screenshot>resources/screenshot-02.jpg</screenshot>
    </assets>
		<news>1.11
- forsowanie seriali nawet gdy nie są w liście dozwolonych
- usuwanie duplikatów
- poprawa dostępnych materiałów
1.10
- szybsze połączenia i obsługa błędów SSL
- obrazki
- time shift w TV
- historia wyszukiwania
- tylko do Ciebie
1.9
1.8
 - fix niezsynchronizowanych napisow
 - zapisywanie domyslnego jezyka napisow
1.7
 - KODI 19</news>
</extension>
</addon>
