<?xml version="1.0" encoding="UTF-8" standalone="yes" ?>
<addon id="plugin.video.kickcommb" name="KICK.com" version="1.0" provider-name="mbebe">
    <requires>
        <import addon="xbmc.python" version="3.0.0" />
        <import addon="script.module.requests" />
        <import addon="script.module.six"/>
    </requires>
    <extension point="xbmc.python.pluginsource" library="main.py">
        <provides>video</provides>
    </extension>
	
    <extension point="xbmc.addon.metadata">
        <description lang="en">KICK.com</description>
        <disclaimer lang="en">https://github.com/mbebe/blomqvist</disclaimer>	
        <summary lang="en">KICK.com</summary>
        <language>en</language>
        <platform>all</platform>
        <license>GNU GENERAL PUBLIC LICENSE. Version 2, June 1991</license>
        <website>https://github.com/mbebe/blomqvist</website>
        <assets>
            <icon>icon.png</icon>
            <fanart>fanart.jpg</fanart>
        </assets>
    </extension>
</addon>
