<?xml version="1.0" encoding="UTF-8" standalone="yes" ?>
<addon id="plugin.video.ncplusgo" name="NC plus GO" version="1.2.14" provider-name="mbebe">
    <requires>
        <import addon="xbmc.addon" version="17.9.910"/>
        <import addon="script.module.requests" />
        <import addon="script.module.inputstreamhelper" version="0.3.3"/>
    </requires>
    <extension point="xbmc.python.pluginsource" library="main.py">
        <provides>video</provides>
    </extension>
    <extension point="xbmc.addon.metadata">
        <description>NC plus GO</description>
        <disclaimer>https://github.com/mbebe/blomqvist</disclaimer>
        <summary>NC plus GO</summary>
        <language>pl</language>
        <platform>all</platform>
        <license>GNU GENERAL PUBLIC LICENSE. Version 2, June 1991</license>
        <website>https://github.com/mbebe/blomqvist</website>
        <news>v1.2.12
        - poprawka czasu
        </news>
        <assets>
            <icon>icon.png</icon>
            <fanart>fanart.jpg</fanart>
        </assets>
    </extension>
</addon>