﻿<?xml version="1.0" encoding="UTF-8"?>
<addon id="plugin.video.boxfilmpl" version="1.4.3" name="Boxfilm.pl" provider-name="mbebe">
<requires>
  <import addon="xbmc.python" version="2.1.0"/>
  <import addon="script.module.resolveurl" version="5.0.00"/>
  <import addon="script.common.plugin.cache" version="2.5.5"/>
  <import addon="script.module.requests" version="2.18.4"/>
</requires>
<extension point="xbmc.python.pluginsource" library="main.py">
  <provides>video</provides>
</extension>
<extension point="xbmc.addon.metadata">
  <description lang="pl">boxfilm.pl</description>
  <disclaimer lang="pl">https://github.com/mbebe/blomqvist</disclaimer>
  <summary lang="pl">boxfilm.pl</summary>
	<language>pl</language>
	<platform>all</platform>
	<license>GNU GENERAL PUBLIC LICENSE. Version 2, June 1991</license>
	<website>https://github.com/mbebe/blomqvist</website>
	<assets>
		<icon>icon.png</icon>
		<fanart>fanart.jpg</fanart>
	</assets>
	</extension>
</addon>