<?xml version="1.0" encoding="UTF-8" standalone="yes" ?>
<addon id="plugin.video.vixcomtest" name="Vix.com (es-es) test" version="0.5" provider-name="mbebe">
    <requires>
        <import addon="script.module.requests" />
        <import addon="script.module.six"/>
        <import addon="script.module.inputstreamhelper" version="0.3.3"/>
    </requires>
    <extension point="xbmc.python.pluginsource" library="main.py">
        <provides>video</provides>
    </extension>
    <extension point="xbmc.service" library="service_entry.py" />
    <extension point="xbmc.addon.metadata">
        <description lang="en">vix.com es-es</description>
        <disclaimer lang="en">https://github.com/mbebe/blomqvist</disclaimer>    
        <summary lang="en">Vix.com</summary>
        <language>en</language>
        <platform>all</platform>
        <license>GNU GENERAL PUBLIC LICENSE. Version 2, June 1991</license>
        <website>https://github.com/mbebe/blomqvist</website>
        <assets>
            <icon>icon.png</icon>
            <fanart>fanart.jpg</fanart>
        </assets>
    </extension>
</addon>
