<?xml version="1.0" encoding="UTF-8" standalone="yes" ?>
<addon id="plugin.video.grupamirai" name="Grupa Mirai (anime)" version="0.1" provider-name="mbebe">
    <requires>
        <import addon="xbmc.python" version="3.0.0"/>
        <import addon="script.module.requests" />
        <import addon="script.module.six"/>
        <import addon="script.module.resolveurl" version="5.0.00"/>
    </requires>
    <extension point="xbmc.python.pluginsource" library="main.py">
        <provides>video</provides>
    </extension>
    <extension point="xbmc.addon.metadata">
        <description lang="en">https://www.grupa-mirai.pl/</description>
        <disclaimer lang="en">https://github.com/mbebe/blomqvist</disclaimer>    
        <summary lang="en">https://www.grupa-mirai.pl/</summary>
        <description lang="pl">https://www.grupa-mirai.pl/</description>
        <disclaimer lang="pl">https://github.com/mbebe/blomqvist</disclaimer>    
        <summary lang="pl">https://www.grupa-mirai.pl/</summary>
        <language>pl</language>
        <platform>all</platform>
        <license>GNU GENERAL PUBLIC LICENSE. Version 2, June 1991</license>
        <website>https://github.com/mbebe/blomqvist</website>
        <assets>
            <icon>icon.png</icon>
            <fanart>fanart.jpg</fanart>
        </assets>
    </extension>
</addon>
