<?xml version="1.0" encoding="UTF-8" standalone="yes" ?>
<addon id="plugin.video.movies365" name="Movies365" version="2.2" provider-name="mbebe">
	<requires>
		<import addon="xbmc.python" version="2.25.0"/>
		<import addon="script.module.requests" />
		<import addon="script.module.parsedom" version="2.5.2"/>
		<import addon="script.module.resolveurl" version="5.0.00"/>
		<import addon="script.module.js2py" />
		<import addon="script.module.six" />
		<import addon="script.module.pyjsparser" />
		<import addon="script.module.tzlocal" />
	</requires>
	<extension point="xbmc.python.pluginsource" library="main.py">
		<provides>video</provides>
	</extension>
	<extension point="xbmc.addon.metadata">
		<description>365movies.tv, losmovies.pro</description>
		<disclaimer>https://github.com/mbebe/blomqvist</disclaimer>
		<summary>365movies.tv, losmovies.pro</summary>
		<language>pl</language>
		<platform>all</platform>
		<license>GNU GENERAL PUBLIC LICENSE. Version 2, June 1991</license>
		<website>https://github.com/mbebe/blomqvist</website>
		<assets>
			<icon>icon.png</icon>
			<fanart>fanart.jpg</fanart>
		</assets>
	</extension>
</addon>
