<addon id="plugin.video.folderramic" name="folder" provider-name="Michal" version="1.1b">
<requires>
  <import addon="xbmc.python" version="2.1.0" />
</requires>
<extension library="default.py" point="xbmc.python.pluginsource">
  <provides>video</provides>
</extension>
<extension point="xbmc.addon.metadata">
  <summary lang="en">ramic folder</summary>
  <summary lang="pl">ramic folder</summary>
  <description lang="en">a folder for video plugins</description>
  <description lang="pl">katalog dla pluginów video</description>
  <disclaimer lang="en">private use</disclaimer>
  <language />
  <platform>all</platform>
  <license />
  <forum />
  <website>https://github.com/ramicspa/kodi</website>
  <email>ramicspa@gmail.com</email>
  <source />
</extension>
</addon>