<?xml version="1.0" encoding="UTF-8"?>
<addon id="plugin.video.canalplusvod" version="1.6.3" name="CanalPLUS-VOD" provider-name="mbebe">
<requires>
  <import addon="xbmc.addon" version="17.9.910"/>
  <import addon="script.module.requests" />
  <import addon="script.module.inputstreamhelper" />
</requires>
<extension point="xbmc.python.pluginsource" library="main.py">
  <provides>video</provides>
</extension>
<extension point="xbmc.service" library="serverHTTP.py" />
<extension point="xbmc.addon.metadata">
  <summary lang="en">http://www.canalplus.com/pl</summary>
  <description lang="en">http://www.canalplus.com/pl</description>
  <disclaimer lang="en">A private use only. For bugs, requests or ge</disclaimer>
  <language></language>
  <platform>all</platform>
  <license>GNU GENERAL PUBLIC LICENSE. Version 2, June 1991</license>
  <forum></forum>
  <website></website>
  <assets>
    <icon>icon.png</icon>
    <fanart>fanart.jpg</fanart>
    <screenshot>resources/screenshot-01.jpg</screenshot>
    <screenshot>resources/screenshot-02.jpg</screenshot>
  </assets>
  <news>
 ...
  </news>
</extension>
</addon>
