<?xml version="1.0" encoding="UTF-8" standalone="yes" ?>
<addon id="plugin.video.sportpremium" name="Sport Premium" version="1.8" provider-name="mbebe">
    <requires>
        <import addon="xbmc.python" version="3.0.0" />
        <import addon="script.module.requests" />
        <import addon="script.module.six"/>
        <import addon="script.module.inputstreamhelper" version="0.3.3"/>
    </requires>
    <extension point="xbmc.python.pluginsource" library="main.py">
        <provides>video</provides>
    </extension>
    <extension point="xbmc.service" library="serverHTTP.py" />
    <extension point="xbmc.addon.metadata">
        <description lang="pl">Emocje.tv, Eleven Sports</description>
        <disclaimer lang="pl">...</disclaimer>
        <summary lang="pl">Emocje.tv, Eleven Sports</summary>
        <language>pl</language>
        <platform>all</platform>
        <license>GNU GENERAL PUBLIC LICENSE. Version 2, June 1991</license>
        <website>...</website>
        <assets>
            <icon>icon.png</icon>
            <fanart></fanart>
        </assets>
    </extension>
</addon>
