<?xml version="1.0" encoding="UTF-8"?>
<addon id="plugin.video.dokumentcyfrowo" version="1.2" name="Dokument Cyfrowo" provider-name="mbebe">
<requires>
  <import addon="xbmc.python" version="2.1.0"/>
  <import addon="script.module.resolveurl" version="5.0.00"/>

</requires>
<extension point="xbmc.python.pluginsource" library="main.py">
  <provides>video</provides>
</extension>
<extension point="xbmc.addon.metadata">
  <summary lang="en">http://www.dokumentcyfrowo.pl/</summary>
  <description lang="en">http://www.dokumentcyfrowo.pl/</description>
  <disclaimer lang="en">A private use only. </disclaimer>
  <language></language>
  <platform>all</platform>
  <license>GNU GENERAL PUBLIC LICENSE. Version 2, June 1991</license>
  <forum></forum>
  <website></website>
  <email></email>
  <assets>
    <icon>icon.png</icon>
    <fanart>fanart.jpg</fanart>
  </assets>
  <news>
  </news>
</extension>
</addon>
