<?xml version="1.0" encoding="UTF-8"?>
<addon id="plugin.video.ramicpolsat" version="1.5" name="PolsatNews" provider-name="mbebe">
<requires>
  <import addon="script.module.requests" />
  <import addon="script.module.six"/>
</requires>
<extension point="xbmc.python.pluginsource" library="main.py">
  <provides>video</provides>
</extension>
<extension point="xbmc.addon.metadata">
  <summary lang="en">PolsatNews</summary>
  <description lang="en">PolsatNews</description>
  <disclaimer lang="en">A private use only.</disclaimer>
  <language></language>
  <platform>all</platform>
  <license>GNU GENERAL PUBLIC LICENSE. Version 2, June 1991</license>
  <forum></forum>
  <website></website>
  <email></email>
  <assets>
    <icon>icon.png</icon>
    <fanart>fanart.jpg</fanart>
  </assets>
  <news>
  </news>
</extension>
</addon>
