<?xml version="1.0" encoding="UTF-8"?>
<addon id="plugin.video.segos" version="4.0.5" name="segos" provider-name="mbebe">
<requires>
  <import addon="xbmc.python" version="2.1.0"/>
  <import addon="script.common.plugin.cache" version="2.5.5"/> 
  <import addon="script.module.resolveurl" version="5.0.12b"/>
  <import addon="script.module.requests" />  
</requires>
<extension point="xbmc.python.pluginsource" library="main.py">
  <provides>video</provides>
</extension>
<extension point="xbmc.addon.metadata">
  <summary lang="en">segos</summary>
  <description lang="en">Zasoby segos.es</description>
  <disclaimer lang="en">private use</disclaimer>
  <language></language>
  <platform>all</platform>
  <license></license>
  <forum></forum>
  <website></website>
  <email></email>
  <source></source>
  <assets>
    <icon>icon.png</icon>
    <fanart>fanart.jpg</fanart>
    <screenshot>resources/screenshot-01.jpg</screenshot>
    <screenshot>resources/screenshot-02.jpg</screenshot>
  </assets>
  <news>
</news>
</extension>
</addon>
