<?xml version="1.0" encoding="UTF-8" standalone="yes" ?>
<addon id="plugin.video.kraisfilm" name="Filmbit.ws" version="1.4.2" provider-name="mbebe">
	<requires>
		<import addon="xbmc.python" version="2.25.0"/>
		<import addon="script.module.requests" />
		<import addon="script.module.parsedom" version="2.5.2"/>
		<import addon="script.module.resolveurl"/>
		<import addon="script.common.plugin.cache" version="2.5.5"/>
	</requires>
	<extension point="xbmc.python.pluginsource" library="main.py">
		<provides>video</provides>
	</extension>
    <extension point="xbmc.addon.metadata">
        <description lang="pl">Filmbit.ws</description>
        <disclaimer lang="pl">https://github.com/mbebe/blomqvist</disclaimer>
        <summary lang="pl">Filmbit.ws</summary>
        <description lang="en">Filmbit.ws</description>
        <disclaimer lang="en">https://github.com/mbebe/blomqvist</disclaimer>
        <summary lang="en">Filmbit.ws</summary>
        <language>pl</language>
        <platform>all</platform>
        <license>GNU GENERAL PUBLIC LICENSE. Version 2, June 1991</license>
        <website>https://github.com/mbebe/blomqvist</website>
        <assets>
            <icon>icon.png</icon>
            <fanart>fanart.jpg</fanart>
        </assets>
    </extension>
</addon>
