<?xml version="1.0" encoding="UTF-8" standalone="yes" ?>
<addon id="plugin.video.filmowakraina" name="FilmowaKraina.TV" version="1.1" provider-name="xxxxxx">
	<requires>
		<import addon="xbmc.python" version="2.25.0"/>
		<import addon="script.module.requests" />
		<import addon="script.module.parsedom" version="2.5.2"/>
		<import addon="script.module.resolveurl"/>
		<import addon="script.common.plugin.cache" version="2.5.5"/> 
	</requires>
	<extension point="xbmc.python.pluginsource" library="main.py">
		<provides>video</provides>
	</extension>
	<extension point="xbmc.addon.metadata">
		<description lang="pl">FilmowaKraina.TV</description>
		<disclaimer lang="pl">FilmowaKraina.TV</disclaimer>
		<summary lang="pl">FilmowaKraina.TV</summary>
		<description lang="en">FilmowaKraina.TV</description>
		<disclaimer lang="en">FilmowaKraina.TV</disclaimer>
		<summary lang="en">FilmowaKraina.TV</summary>
		<language></language>
		<platform>all</platform>
		<license>GNU GENERAL PUBLIC LICENSE. Version 2, June 1991</license>
		<website></website>
		<assets>
			<icon>icon.png</icon>
			<fanart>fanart.jpg</fanart>
		</assets>
	</extension>
</addon>
