<?xml version="1.0" encoding="UTF-8"?>
<addon id="plugin.video.cdahd" version="1.6.1" name="cda-hd" provider-name="Podpis">
<requires>
  <import addon="xbmc.python" version="2.1.0"/>
  <import addon="script.module.resolveurl" version="5.0.12a"/>
  <import addon="script.common.plugin.cache" version="2.5.5"/> 
  <import addon="script.module.requests" version="2.18.4"/>
</requires>
<extension point="xbmc.python.pluginsource" library="main.py">
  <provides>video</provides>
</extension>
<extension point="xbmc.addon.metadata">
  <summary lang="en">cda-hd.cc</summary>
  <description lang="en">Zasoby cda-hd.co</description>
  <disclaimer lang="en">A private use only.</disclaimer>
  <language></language>
  <platform>all</platform>
  <license>GNU GENERAL PUBLIC LICENSE. Version 2, June 1991</license>
  <forum></forum>
  <website></website>
  <email></email>
  <source></source>
  <assets>
    <icon>icon.png</icon>
    <fanart>fanart.jpg</fanart>
    <screenshot>resources/screenshot-01.jpg</screenshot>
    <screenshot>resources/screenshot-02.jpg</screenshot>
  </assets>
  <news>
  </news>
</extension>
</addon>
