<?xml version="1.0" encoding="UTF-8" standalone="yes" ?>
<addon id="plugin.video.filmowoclub" name="Filmowo.club" version="0.1" provider-name="mbebe">
    <requires>
        <import addon="script.module.requests" />
        <import addon="script.module.six"/>
        <import addon="script.module.resolveurl"/>
    </requires>
    <extension point="xbmc.python.pluginsource" library="main.py">
        <provides>video</provides>
    </extension>
    <extension point="xbmc.addon.metadata">
        <description lang="pl">http://filmowo.club/</description>
        <disclaimer lang="pl">https://github.com/mbebe/blomqvist</disclaimer>    
        <summary lang="pl">http://filmowo.club/</summary>
        <language>pl</language>
        <platform>all</platform>
        <license>GNU GENERAL PUBLIC LICENSE. Version 2, June 1991</license>
        <website>https://github.com/mbebe/blomqvist</website>
        <assets>
            <icon>icon.png</icon>
            <fanart>fanart.jpg</fanart>
        </assets>
    </extension>
</addon>
